<?xml version="1.0" encoding="utf-8"?>
<selector xmlns:android="http://schemas.android.com/apk/res/android">
    <item android:state_pressed="true">
        <shape android:shape="rectangle">
            <corners android:radius="12dp"/>
            <solid android:color="#00796B"/> <!-- Darker when pressed -->
        </shape>
    </item>
    <item>
        <shape android:shape="rectangle">
            <corners android:radius="12dp"/>
            <solid android:color="#009688"/> <!-- Default color -->
        </shape>
    </item>
</selector>
