{
  "project_info": {
    "project_number": "138055806173",
    "project_id": "attendace-8b8d9",
    "storage_bucket": "attendace-8b8d9.firebasestorage.app"
  },
  "client": [
    {
      "client_info": {
        "mobilesdk_app_id": "1:138055806173:android:9b6412e7cbeb9cbe4aff34",
        "android_client_info": {
          "package_name": "com.example.smartattendace"
        }
      },
      "oauth_client": [],
      "api_key": [
        {
          "current_key": "AIzaSyCWy5IWLdgRJWyglH6SAS-FN01gakm19M0"
        }
      ],
      "services": {
        "appinvite_service": {
          "other_platform_oauth_client": []
        }
      }
    }
  ],
  "configuration_version": "1"
}